{"train/loss": 1.527, "train/grad_norm": 2.1815807819366455, "train/learning_rate": 0.0, "train/epoch": 100.0, "train/global_step": 1900, "_timestamp": 1713652858.261765, "_runtime": 2400.6809270381927, "_step": 290, "eval/loss": 1.5889227390289307, "eval/accuracy": 0.3, "eval/runtime": 0.7858, "eval/samples_per_second": 12.727, "eval/steps_per_second": 3.818, "train_runtime": 2401.7451, "train_samples_per_second": 3.123, "train_steps_per_second": 0.791, "total_flos": 1.5930716401152e+17, "train_loss": 1.536020282444201}