{"train/loss": 1.7142, "train/grad_norm": 10.73049545288086, "train/learning_rate": 1.5538655239073973e-05, "train/epoch": 4.74, "train/global_step": 90, "_timestamp": 1713628949.739121, "_runtime": 124.38436794281006, "_step": 12, "eval/loss": 1.4509785175323486, "eval/accuracy": 0.4, "eval/runtime": 1.2508, "eval/samples_per_second": 7.995, "eval/steps_per_second": 2.399}